id;cep;logradouro;numero;cidade;uf;bairro;complemento
1;customized Filmes Strategist;Forward Unidos;Peixe e-markets;back-end Forward;BA;cenoura;Bacon Streamlined
2;circuit;harness;quantify calculate Plástico;Personal deposit;AP;cross-platform Account mão;Corporate sticky
3;Borracha connecting;Boliviano;markets Inteligente;Namibia Bacon Quetzal;CE;Auto;visualize Queijo
4;calculate;backing;Fresco;Rodovia;ES;Rua;Lempira invoice Agent
5;Rodovia digital mobile;logistical;Loan;Saúde Croácia Front-line;MS;Travessa;proactive Chief connecting
6;Avenida bandwidth Crianças;Malásia;Madeira;Secured Avon cinza;BA;Kina monitoring;program
7;Configurable Fresco;Technician scale bypassing;Chapéu JSON;Fresco Account;AM;programming Mobility Bebê;Versatile interface SSL
8;Refinado Profound;deposit;solutions Marginal;Mobility Sabonete Rua;RS;Communications input Forward;verde
9;Pará transmit Rodovia;Fantástico Beleza;laranja Buckinghamshire program;Savings;AM;Inteligente;Micronésia contingency
10;bypassing compressing;RSS Polarised;attitude Loan;24/7 Analyst solid;MG;Rodovia morph;program withdrawal e-business
