id;nome;sobrenome;data_nascimento;sexo;numero_registro_profissional;telefone
1;bi-directional Rondônia multimedia;Lindo Gostoso payment;2022-04-05T20:54:18;MASCULINO;clicks-and-mortar;calculating
2;visionary;Configuration Planner;2022-04-06T01:41:04;MASCULINO;Ergonômico brand Iraqi;strategize
3;Global payment;transition Quality-focused Camiseta;2022-04-05T17:53:11;MASCULINO;Gostoso backing Travessa;Account
4;Maranhão Integrated hacking;Intranet Frango;2022-04-05T16:12:27;MASCULINO;engine Human;multi-byte Ergonômico Assimilated
5;Upgradable Metal;SMS;2022-04-05T08:20:21;MASCULINO;Dynamic face;Pequeno Jardim Concreto
6;SSL;Guiana connecting;2022-04-05T18:25:18;FEMININO;Plástico;Human Data target
7;Representative;Sul verde Borders;2022-04-05T20:56:08;MASCULINO;HTTP state Automotivo;SMTP
8;hard groupware;Madeira;2022-04-05T05:05:18;FEMININO;caramelo Future;capability Fully-configurable
9;Balanced;quantify multi-state;2022-04-05T05:15:58;MASCULINO;turquesa;açafrão Lindo
10;Filmes;Assurance;2022-04-05T12:04:56;MASCULINO;Algodão initiative;Accountability
